{"Create Collections": {"time": 0.37258481979370117}, "Graph Analysis": {"time": 1.7067453861236572}, "Class Tree Generation": {"time": 4.616976976394653, "items": 25}, "Void stats generation": {"time": 0.046614646911621094, "items": 25}, "HTML Generation": {"time": 91.42879438400269, "items": 11883}, "Finalize Classtree": {"time": 0.004282951354980469}, "NonNS Pages": {"time": 1.2843987941741943, "items": 591}, "Index Page Creation": {"time": 1.7113218307495117}, "CKAN API Generation": {"time": 0.19472908973693848}, "Solid API Generation": {"time": 2.2699568271636963}, "OGC API Features Generation": {"time": 4.487771987915039}}